City,Cloudiness,Country,Date,Humidity,Latitude,Longitude,Temperature,Wind Speed (mph)
Portland,90,US,1579838530,87,45.52,-122.68,54.0,11.41
Bredasdorp,81,ZA,1579838709,88,-34.53,20.04,66.0,4.7
Mataura,100,NZ,1579838711,42,-46.19,168.86,83.55,3.49
Isangel,75,VU,1579838712,58,-19.55,169.27,87.8,17.22
Fort Nelson,90,CA,1579838169,92,58.81,-122.7,14.0,3.36
Nikolskoye,90,RU,1579838716,94,59.7,30.79,36.0,13.42
Terrace,90,CA,1579838717,100,54.52,-128.6,33.8,2.24
Saskylakh,62,RU,1579838303,94,71.92,114.08,-34.92,14.12
Saint-Philippe,100,RE,1579838721,94,-21.36,55.77,78.8,6.93
Kapaa,90,US,1579838549,57,22.08,-159.32,78.8,6.93
George Town,20,MY,1579838724,52,5.41,100.34,89.6,6.93
Yagodnoye,100,RU,1579838725,96,62.55,149.67,-22.09,2.28
Antalaha,100,MG,1579838727,77,-14.9,50.28,81.28,4.14
Jamestown,90,US,1579838518,43,42.1,-79.24,39.0,5.82
Rikitea,0,PF,1579838730,77,-23.12,-134.97,79.27,14.99
Barrow,75,US,1579838732,82,71.29,-156.79,-16.6,9.17
Punta Arenas,20,CL,1579838733,70,-53.15,-70.92,46.0,9.17
Souillac,75,MU,1579838171,100,-20.52,57.52,77.0,10.29
Bantou,43,CN,1579838737,63,26.22,117.49,71.33,1.63
Ushuaia,100,AR,1579838682,95,-54.8,-68.3,34.7,3.6
Tomatlan,100,MX,1579838740,91,19.93,-105.25,66.52,1.54
Busselton,0,AU,1579838742,22,-33.65,115.33,88.0,7.36
Upernavik,0,GL,1579838743,58,72.79,-56.15,-8.14,4.68
Hermanus,39,ZA,1579838745,84,-34.42,19.23,66.0,11.01
Geraldton,0,AU,1579838747,29,-28.77,114.6,91.4,16.11
Butaritari,34,KI,1579838748,75,3.07,172.79,83.88,12.3
Lebu,35,CL,1579838264,84,-37.62,-73.65,55.96,6.38
Manono,100,CD,1579838752,96,-7.3,27.42,69.04,3.44
Hobart,40,AU,1579838631,32,-42.88,147.33,68.0,14.99
Umm Lajj,0,SA,1579838266,44,25.02,37.27,52.38,7.02
Phimai,15,TH,1579838757,62,15.22,102.49,98.01,5.82
Magalia,90,US,1579838758,87,39.81,-121.58,51.8,2.93
Okahandja,25,NA,1579838760,36,-21.98,16.92,64.4,1.12
Bambous Virieux,75,MU,1579838294,100,-20.34,57.76,77.0,10.29
Bac Lieu,62,VN,1579838667,52,9.29,105.72,86.4,13.2
Kaitangata,52,NZ,1579838765,72,-46.28,169.85,69.01,11.01
Bethel,5,US,1579838766,79,41.37,-73.41,36.0,2.24
Manitouwadge,100,CA,1579838768,91,49.12,-85.84,8.67,8.97
Bulgan,0,MN,1579838729,73,48.81,103.53,5.99,3.62
Westerville,90,US,1579838543,64,40.13,-82.93,41.0,4.7
Eugene,100,US,1579838584,95,44.05,-123.09,53.01,1.92
Midland,1,US,1579838570,50,32.0,-102.08,46.99,5.82
Whitehorse,90,CA,1579838223,85,60.72,-135.05,10.4,4.7
Ostrovnoy,100,RU,1579838454,90,68.05,39.51,8.31,7.14
Mahibadhoo,61,MV,1579838218,84,3.78,72.97,82.76,19.35
Praia,0,CV,1579838781,56,14.92,-23.51,71.6,8.05
Mahon,7,ES,1579838783,100,39.89,4.27,50.0,4.7
Fortuna,90,US,1579838393,82,40.6,-124.16,57.0,5.82
San Cristobal,40,VE,1579838292,88,7.77,-72.22,77.0,2.24
Lexington,90,US,1579838788,80,37.99,-84.48,43.0,8.05
Lagoa,99,PT,1579838789,62,39.05,-27.98,56.8,7.34
Arman,0,RU,1579838791,80,59.7,150.17,-11.16,7.18
Broome,1,US,1579838377,73,42.25,-75.83,33.01,3.51
Santa Maria,0,BR,1579838794,88,-29.68,-53.81,69.8,11.41
Kainantu,90,PG,1579838796,85,-6.29,145.87,72.09,4.0
Talara,54,PE,1579838797,86,-4.58,-81.27,73.33,9.37
Beloha,0,MG,1579838259,87,-25.17,45.05,67.98,10.16
Guadix,75,ES,1579838801,87,37.3,-3.14,45.0,1.12
Bluff,100,NZ,1579838802,36,-46.6,168.33,84.43,5.41
Berlevag,100,NO,1579838804,85,70.86,29.09,24.76,19.48
Shihezi,74,CN,1579838805,96,44.3,86.03,4.41,0.09
Cape Town,0,ZA,1579838807,77,-33.93,18.42,66.99,13.87
Tuktoyaktuk,75,CA,1579838213,76,69.45,-133.04,-9.4,10.29
Stepnyak,100,KZ,1579838810,83,52.83,70.78,30.22,25.39
Nishihara,40,JP,1579838812,73,26.18,127.76,77.0,5.82
Wagga Wagga,0,AU,1579838814,22,-35.12,147.37,79.0,10.29
Ulaanbaatar,0,MN,1579838591,70,47.91,106.88,-5.8,2.24
Srednekolymsk,100,RU,1579838817,98,67.45,153.68,-33.79,4.83
Ponta do Sol,20,PT,1579838818,58,32.67,-17.1,57.2,6.93
Atuona,1,PF,1579838820,75,-9.8,-139.03,81.25,11.72
Sergeevka,100,KZ,1579838822,96,53.88,67.42,22.8,4.45
Rzhaksa,0,RU,1579838823,94,52.13,42.03,8.89,8.93
Jalu,3,LY,1579838825,85,29.03,21.55,50.54,7.65
Mar del Plata,7,AR,1579838818,83,-38.0,-57.56,73.99,8.05
Birin,0,NP,1579838828,81,26.89,88.07,42.13,2.84
Gavardo,0,IT,1579838830,92,45.59,10.44,36.0,3.36
Tiksi,0,RU,1579838831,83,71.69,128.87,-30.3,5.3
Qaanaaq,0,GL,1579838833,57,77.48,-69.36,-13.2,7.63
Thompson,5,CA,1579838835,84,55.74,-97.86,5.0,5.82
Tasiilaq,100,GL,1579838836,56,65.61,-37.64,15.8,6.93
Pangnirtung,100,CA,1579838838,98,66.15,-65.71,-32.85,2.93
Wanning,56,CN,1579838244,71,18.8,110.4,75.9,9.04
Port Alfred,20,ZA,1579838841,96,-33.59,26.89,63.0,4.0
Nizhniy Lomov,0,RU,1579838843,94,53.53,43.68,9.37,9.22
Norman Wells,90,CA,1579838845,76,65.28,-126.83,-5.8,9.17
Saint George's,20,GD,1579838846,83,12.06,-61.75,78.8,8.05
Ilulissat,100,GL,1579838848,55,69.22,-51.1,10.4,18.34
Putina,100,PE,1579838849,72,-15.47,-69.43,50.67,8.12
Yellowknife,90,CA,1579838819,84,62.46,-114.35,1.4,11.41
Margate,99,GB,1579838477,93,51.38,1.39,44.01,3.36
Provideniya,96,RU,1579838854,77,64.38,-173.3,-2.2,4.47
Pahrump,20,US,1579838742,39,36.21,-115.98,53.01,2.42
Meadow Lake,1,US,1579838858,64,34.8,-106.54,44.6,8.05
Sitka,90,US,1579838859,93,57.05,-135.33,37.4,6.93
Itupiranga,98,BR,1579838861,100,-5.13,-49.33,78.8,3.36
Nome,1,US,1579838369,76,64.5,-165.41,-9.4,5.5
Mareeba,70,AU,1579838864,62,-17.0,145.43,89.6,8.05
Arraial do Cabo,100,BR,1579838866,84,-22.97,-42.03,71.64,3.38
Kuybyshevo,70,RU,1579838868,81,47.81,38.91,23.77,10.96
Grand Gaube,75,MU,1579838869,100,-20.01,57.66,77.0,10.29
Cherskiy,13,RU,1579838390,94,68.75,161.3,-39.71,1.74
East London,75,ZA,1579838517,93,-33.02,27.91,66.2,6.93
Vila do Maio,0,CV,1579838874,56,15.13,-23.22,71.6,8.05
Bitkine,49,TD,1579838876,17,11.98,18.21,57.88,11.5
Port Elizabeth,17,ZA,1579838877,93,-33.92,25.57,64.4,13.87
'Ewa Beach,1,US,1579838879,61,21.32,-158.01,78.8,4.7
Avarua,100,CK,1579838881,94,-21.21,-159.78,78.8,9.17
San Quintin,0,MX,1579838324,82,30.48,-115.95,58.84,7.34
Gainesville,90,US,1579838802,100,29.65,-82.32,57.99,6.93
Parabel,100,RU,1579838886,88,58.7,81.48,27.05,10.4
Anchorage,1,US,1579838625,84,61.22,-149.9,8.6,1.43
Naifaru,72,MV,1579838889,80,5.44,73.37,83.05,22.32
Shimoda,75,JP,1579838891,77,34.67,138.95,59.0,5.82
Mahebourg,75,MU,1579838830,100,-20.41,57.7,77.0,10.29
Hualmay,100,PE,1579838894,77,-11.1,-77.61,71.06,1.52
Cabo San Lucas,20,MX,1579838877,88,22.89,-109.91,68.0,3.36
Tarakan,0,ID,1579838897,64,3.3,117.63,84.25,4.52
Chumikan,100,RU,1579838899,84,54.72,135.31,-2.79,7.43
Boyle,90,US,1579838900,100,37.63,-84.87,43.0,8.93
Port-Gentil,85,GA,1579838510,78,-0.72,8.78,83.1,8.57
Zlobin,0,HR,1579838904,38,45.29,14.65,43.0,3.36
Vanavara,100,RU,1579838465,99,60.34,102.28,-8.3,4.54
Munai,52,PH,1579838907,76,7.98,124.06,79.43,4.76
Marawi,36,PH,1579838426,85,8.0,124.29,82.0,5.99
Shyroke,69,UA,1579838890,86,47.69,33.26,26.6,2.24
Yumen,55,CN,1579838912,61,40.28,97.2,18.91,4.29
Albany,1,US,1579838702,63,42.6,-73.97,30.0,2.1
Alofi,75,NU,1579838915,78,-19.06,-169.92,82.4,19.46
Sinnamary,24,GF,1579838331,77,5.38,-52.95,78.66,13.42
Nanortalik,100,GL,1579838468,96,60.14,-45.24,29.43,16.64
Raja,54,SS,1579838920,26,8.46,25.68,51.46,5.84
Jumla,0,NP,1579838922,45,29.27,82.18,26.44,5.41
Cayenne,21,GF,1579838923,100,4.93,-52.33,69.8,3.53
Cartagena,20,CO,1579838925,83,10.4,-75.51,80.6,8.05
Mezen,89,RU,1579838926,97,65.85,44.24,9.25,4.29
Grahamstown,0,ZA,1579838928,96,-33.3,26.53,63.0,4.0
Leningradskiy,0,RU,1579838449,93,69.38,178.42,-27.22,1.45
Rio Tercero,7,AR,1579838931,47,-32.17,-64.11,72.28,10.83
Nalut,0,LY,1579838933,33,30.33,10.85,50.36,11.01
Constitucion,63,CL,1579838935,91,-35.33,-72.42,55.49,2.46
Pecos,1,US,1579838936,56,31.42,-103.49,48.2,4.7
Qaqortoq,100,GL,1579838938,85,60.72,-46.03,24.8,9.17
Clyde River,75,CA,1579838940,75,70.47,-68.59,-16.6,19.46
Carnarvon,0,AU,1579838790,39,-24.87,113.63,95.0,10.29
Gigmoto,53,PH,1579838943,81,13.78,124.39,81.09,21.21
Tera,41,NE,1579838945,13,14.01,0.75,68.09,11.95
Chui,0,UY,1579838946,84,-33.7,-53.46,67.77,8.57
Baykit,100,RU,1579838948,98,61.67,96.37,-5.28,1.59
Auki,12,SB,1579838950,70,-8.77,160.7,84.54,9.1
Vaini,20,TO,1579838802,70,-21.2,-175.2,84.2,12.75
Hasaki,75,JP,1579838953,71,35.73,140.83,57.0,3.36
Sembakung,0,ID,1579838954,56,3.82,117.25,87.48,2.35
Onalaska,90,US,1579838751,92,43.88,-91.24,32.0,3.36
Brae,100,GB,1579838818,75,60.4,-1.35,44.6,26.4
Chokurdakh,6,RU,1579838829,92,70.63,147.92,-32.91,7.65
Patos,100,BR,1579838978,84,-7.02,-37.28,76.95,2.06
Kruisfontein,0,ZA,1579838914,90,-34.0,24.73,60.96,7.4
Belaya Gora,68,RU,1579838981,80,68.53,146.42,-34.4,2.17
Ketchikan,90,US,1579838983,93,55.34,-131.65,46.4,20.8
Buenaventura,67,CO,1579838985,92,3.88,-77.03,74.21,1.1
Mayo,1,US,1579838986,80,38.89,-76.51,37.0,2.8
Tabuk,0,PH,1579838988,69,17.42,121.44,78.06,2.26
Airai,16,TL,1579838907,56,-8.93,125.41,82.6,4.52
Obidos,85,BR,1579838991,63,-1.92,-55.52,81.39,1.74
Tagusao,53,PH,1579838507,68,9.19,117.81,82.22,8.08
Kavieng,0,PG,1579838941,67,-2.57,150.8,84.0,9.22
Iqaluit,20,CA,1579838474,67,63.75,-68.51,-27.4,19.46
Rundu,100,NA,1579838988,40,-17.93,19.77,69.8,3.36
Cockburn Town,0,TC,1579838999,59,21.46,-71.14,74.59,8.52
Lavrentiya,0,RU,1579838839,84,65.58,-171.0,-16.31,1.92
Illela,0,NG,1579839003,14,13.73,5.3,64.04,12.44
Port Macquarie,88,AU,1579839004,66,-31.43,152.92,91.0,14.38
Tuatapere,83,NZ,1579838987,40,-46.13,167.68,81.97,9.08
Ahipara,0,NZ,1579839008,83,-35.17,173.17,69.73,11.1
Dikson,100,RU,1579838820,96,73.51,80.55,-9.11,12.46
Telimele,87,GN,1579839011,25,10.92,-13.33,77.02,5.17
Priverno,0,IT,1579839012,81,41.47,13.19,48.0,5.82
Kawhia,0,NZ,1579839014,47,-38.07,174.82,84.99,5.01
Pullman,90,US,1579839016,86,46.73,-117.18,46.4,8.05
Paracatu,100,BR,1579839017,91,-17.22,-46.87,68.52,8.61
Ust-Kuyga,43,RU,1579839019,99,70.02,135.6,-38.49,5.53
Springbok,90,ZA,1579839021,93,-29.66,17.89,55.4,8.05
Lata,20,PT,1579839022,93,40.16,-8.33,50.0,6.93
Inhambane,100,MZ,1579838459,65,-23.86,35.38,78.21,11.5
Assiut,0,EG,1579839026,78,27.18,31.18,42.62,7.9
Panjakent,75,TJ,1579839027,93,39.5,67.61,39.2,9.17
Atbasar,100,KZ,1579839029,92,51.8,68.33,29.95,19.62
Castro,98,BR,1579838821,99,-24.79,-50.01,58.87,4.72
Front Royal,1,US,1579839032,73,38.92,-78.19,35.01,3.36
Northam,100,GB,1579839034,93,51.03,-4.22,43.0,1.99
Machinga,57,MW,1579839035,97,-15.17,35.3,64.65,2.44
Butte,75,US,1579839037,93,39.65,-121.57,51.8,2.24
Yeppoon,75,AU,1579839039,88,-23.13,150.73,78.8,8.05
Saurimo,97,AO,1579839040,97,-9.66,20.39,65.14,3.2
Ventspils,100,LV,1579839042,100,57.39,21.56,42.8,18.34
Yulara,0,AU,1579839044,22,-25.24,130.99,91.4,11.41
Rakaia,0,NZ,1579839045,64,-43.75,172.02,75.0,19.46
Ribeira Grande,16,PT,1579839047,72,38.52,-28.7,52.56,5.32
Puerto Ayora,12,EC,1579839048,30,-0.74,-90.35,73.99,1.01
Pevek,99,RU,1579838855,99,69.7,170.31,-28.57,6.35
Guadalupe y Calvo,0,MX,1579839052,57,26.1,-106.97,42.75,3.78
Sao Filipe,0,CV,1579838985,79,14.9,-24.5,70.84,6.55
New Norfolk,40,AU,1579839055,32,-42.78,147.06,69.01,14.99
La Encarnacion,4,HN,1579839057,81,14.67,-89.08,58.53,1.1
Rodniki,46,RU,1579839058,82,57.11,41.73,18.34,7.2
Inzer,90,RU,1579839060,97,54.22,57.56,8.11,2.66
Muroto,75,JP,1579839061,51,33.28,134.15,62.6,10.29
Kaitong,0,CN,1579839063,73,44.81,123.15,3.47,6.69
Dunedin,88,NZ,1579838835,71,-45.87,170.5,69.01,20.92
Bambanglipuro,0,ID,1579839066,64,-7.95,110.28,86.43,3.96
Zinder,0,NE,1579839068,17,13.81,8.99,62.6,9.17
Atar,100,MR,1579839070,21,20.52,-13.05,67.59,6.46
Huicungo,100,PE,1579839071,97,-7.28,-76.8,64.33,3.24
Egvekinot,0,RU,1579839073,72,66.32,-179.17,-18.24,2.66
Kifri,0,IQ,1579839075,78,34.7,44.97,45.43,12.62
Hong Gai,75,VN,1579839076,88,20.96,107.09,73.4,9.17
Lumeje,100,AO,1579839078,95,-11.55,20.78,67.51,5.23
Bilma,34,NE,1579839080,19,18.69,12.92,58.14,7.43
Lieksa,100,FI,1579839081,90,63.32,30.02,32.72,14.38
Arteaga,100,MX,1579839083,90,18.47,-102.42,60.96,1.52
Isla Vista,1,US,1579839084,93,34.41,-119.86,59.0,5.08
Listvyanka,59,RU,1579839086,60,51.85,104.87,5.0,11.18
Novyy Urengoy,100,RU,1579838904,95,66.08,76.63,10.53,10.83
Umm Kaddadah,1,SD,1579839090,27,13.6,26.69,47.55,12.95
Dnipryany,94,UA,1579839091,86,46.75,33.27,30.0,6.71
Hong Kong,40,HK,1579838983,69,22.29,114.16,81.0,12.75
Inongo,67,CD,1579839095,49,-1.95,18.27,70.86,1.97
Tilichiki,100,RU,1579839096,97,60.47,166.1,-14.28,12.88
Pendleton,90,US,1579839098,93,45.67,-118.79,53.6,4.7
Sheridan,90,US,1579839076,50,44.83,-106.92,36.0,5.82
Richards Bay,58,ZA,1579839101,74,-28.78,32.04,74.93,2.06
Payo,91,ID,1579839103,90,-3.75,103.64,75.02,2.42
Katsuura,75,JP,1579838944,76,35.13,140.3,55.99,3.36
Boa Vista,100,BR,1579839106,69,2.82,-60.67,78.8,4.7
Huangmei,100,CN,1579839108,89,30.19,116.03,47.32,17.29
Karpathos,0,GR,1579839109,56,35.51,27.21,51.44,28.66
Mitsamiouli,75,KM,1579839111,94,-11.38,43.28,78.8,2.24
Huarmey,100,PE,1579839000,76,-10.07,-78.15,71.62,3.02
Shenjiamen,100,CN,1579839114,85,29.96,122.3,52.3,18.7
Zhigalovo,57,RU,1579839116,94,54.81,105.16,-5.28,2.17
Zhanaozen,100,KZ,1579839117,82,43.3,52.8,33.6,16.87
Cidreira,61,BR,1579839119,75,-30.18,-50.21,73.69,19.84
Port Blair,22,IN,1579839121,83,11.67,92.75,80.6,8.05
Tiznit,70,MA,1579839122,69,29.58,-9.5,48.56,3.36
Saint George,1,US,1579839124,61,37.1,-113.58,48.99,1.99
Nieuw Amsterdam,95,SR,1579839126,88,5.88,-55.08,73.4,2.24
Hofn,8,IS,1579838862,57,64.25,-15.21,35.73,36.33
Klaksvik,82,FO,1579839129,73,62.23,-6.59,37.4,29.97
Rio Grande,0,BR,1579839130,79,-32.03,-52.1,71.56,15.64
Boulder City,1,US,1579839132,50,35.98,-114.83,59.0,6.93
Bongouanou,18,CI,1579839134,94,6.65,-4.2,71.67,1.95
Anito,87,PH,1579839135,82,12.45,125.29,81.27,23.47
Bograd,100,RU,1579839137,73,54.23,90.83,24.8,8.95
Galbshtadt,100,RU,1579839139,90,53.23,78.98,29.48,20.83
Artyom,90,AZ,1579839140,86,40.47,50.33,41.0,13.87
Bismil,90,TR,1579839142,100,37.85,40.67,37.4,4.7
Temyasovo,40,RU,1579839143,78,52.99,58.1,17.6,8.95
Beringovskiy,100,RU,1579839126,95,63.05,179.32,0.73,9.26
Kuala Pilah,20,MY,1579839147,55,2.74,102.25,89.6,4.7
Bengkulu,9,ID,1579839148,58,-3.8,102.27,88.83,1.19
Solnechnyy,99,RU,1579839150,84,50.72,136.63,0.86,1.92
Yangjiang,100,CN,1579839010,64,21.85,111.97,73.0,5.01
Balikpapan,40,ID,1579838609,59,-1.27,116.83,89.6,12.75
Evensk,99,RU,1579839155,76,61.95,159.23,-16.55,8.93
Keskin,0,TR,1579839156,75,39.67,33.61,26.01,5.01
Dhidhdhoo,21,MV,1579839158,76,6.88,73.1,82.6,8.97
Pakxan,51,LA,1579839160,45,18.38,103.66,83.91,3.62
Erdenet,0,MN,1579839161,76,49.03,104.08,1.74,3.98
Heihe,0,CN,1579839163,34,50.24,127.49,5.0,6.71
Flinders,90,AU,1579839119,57,-34.58,150.86,79.0,14.99
Churapcha,100,RU,1579839166,95,62.0,132.43,-28.82,4.88
Te Anau,99,NZ,1579839168,69,-45.42,167.72,67.03,9.53
Oksfjord,75,NO,1579839169,92,70.24,22.35,32.0,26.4
Faanui,28,PF,1579839171,72,-16.48,-151.75,82.99,9.89
Kisangani,100,CD,1579839173,52,0.52,25.2,66.31,1.79
Longyearbyen,20,SJ,1579839174,71,78.22,15.64,5.0,43.62
Meulaboh,78,ID,1579839176,77,4.14,96.13,81.46,6.22
Reading,100,GB,1579839028,93,51.46,-0.97,43.0,3.36
Chapais,90,CA,1579839179,78,49.78,-74.85,12.2,6.93
Port Hardy,90,CA,1579839181,93,50.7,-127.42,48.2,9.17
Portobelo,40,PA,1579839182,78,9.55,-79.65,78.8,2.24
Kolokani,100,ML,1579839184,15,13.57,-8.03,77.13,7.85
Santa Catarina de Tepehuanes,0,MX,1579839186,48,25.35,-105.73,48.72,5.06
Kurilsk,98,RU,1579839187,93,45.23,147.88,26.6,16.71
Hilo,90,US,1579839123,88,19.73,-155.09,73.4,6.93
Santa Luzia,90,BR,1579839191,94,-19.77,-43.85,69.8,5.75
Innisfail,99,AU,1579839192,75,-17.53,146.03,85.46,7.56
Kindersley,75,CA,1579839194,79,51.47,-109.17,24.8,20.8
Pachmarhi,100,IN,1579839196,48,22.47,78.43,58.6,1.48
Joshimath,0,IN,1579839197,34,30.57,79.57,29.7,12.39
Veraval,53,IN,1579839199,45,20.9,70.37,66.02,12.5
Lorengau,7,PG,1579839200,68,-2.02,147.27,83.89,7.07
Parkersburg,90,US,1579839202,38,39.27,-81.56,42.8,3.36
Khandyga,12,RU,1579839204,96,62.67,135.6,-32.48,0.31
Buinsk,75,RU,1579839205,78,54.95,48.28,17.6,8.95
Kazachinskoye,100,RU,1579839125,90,57.7,93.28,25.09,10.67
Vieques,40,PR,1579839209,94,18.43,-65.83,75.2,7.18
Taylorville,90,US,1579839210,100,39.55,-89.29,34.0,5.82
Raudeberg,100,NO,1579839212,80,61.99,5.14,41.0,13.87
Villanueva de Cordoba,90,ES,1579839214,93,38.32,-4.63,48.2,3.36
Tirodi,67,IN,1579839215,40,21.68,79.7,63.18,6.58
Shitanjing,60,CN,1579839217,43,39.23,106.34,29.61,1.57
Coquimbo,100,CL,1579839218,64,-29.95,-71.34,68.0,3.36
Porto-Novo,19,BJ,1579838647,88,6.5,2.6,75.58,4.36
Aripuana,85,BR,1579839222,96,-9.17,-60.63,72.12,0.87
Quatre Cocos,75,MU,1579839202,88,-20.21,57.76,78.8,4.7
Poum,60,NC,1579839225,75,-20.23,164.02,79.38,16.44
Campo Grande,90,BR,1579839227,100,-20.44,-54.65,71.6,9.17
Mount Pleasant,90,US,1579839228,93,32.79,-79.86,55.99,6.29
Hithadhoo,18,MV,1579839230,78,-0.6,73.08,84.47,11.63
Karaton,90,ID,1579839232,94,-6.34,106.1,82.99,4.7
Tessalit,75,ML,1579839012,18,20.2,1.01,65.88,4.34
Saint-Pierre,96,RE,1579838947,94,-21.34,55.48,78.8,6.93
Half Moon Bay,20,US,1579839237,87,37.46,-122.43,55.4,4.0
Bud,90,US,1579839238,93,39.45,-86.18,39.99,10.29
Sungaipenuh,94,ID,1579839240,79,-2.08,101.38,72.57,3.36
Bathsheba,40,BB,1579839242,83,13.22,-59.52,77.0,17.22
Ponta Delgada,20,PT,1579839243,81,37.73,-25.67,53.6,9.17
Seoul,1,KR,1579839234,45,37.57,126.98,46.4,3.36
Preobrazheniye,0,RU,1579839125,32,42.9,133.91,15.84,4.94
Avera,90,US,1579839187,76,33.19,-82.53,50.0,5.82
Jiuquan,0,CN,1579839250,32,39.74,98.52,19.81,3.09
Skibbereen,90,IE,1579839252,93,51.55,-9.27,41.0,2.24
Ambulu,0,ID,1579839253,74,-8.35,113.61,81.81,3.58
Necochea,39,AR,1579839255,74,-38.55,-58.74,75.0,11.01
Kiryat Gat,75,IL,1579838462,76,31.61,34.76,57.99,16.11
Departamento de Maldonado,0,UY,1579838966,68,-34.67,-54.92,71.6,5.82
Iskateley,73,RU,1579839260,97,67.68,53.15,0.88,6.85
Abha,40,SA,1579839261,93,18.22,42.51,50.0,11.41
Shelburne,75,CA,1579839263,82,44.08,-80.2,32.0,13.87
Torbay,90,CA,1579839265,86,47.67,-52.73,30.99,13.87
Bollnaes,18,SE,1579839267,84,61.35,16.39,33.08,4.83
Mount Isa,75,AU,1579839268,78,-20.73,139.5,80.6,12.75
Farah,99,AF,1579839271,90,32.5,62.5,43.61,2.71
Amapa,30,BR,1579839184,92,1.0,-52.0,71.82,3.51
Mazagao,72,BR,1579839274,100,-0.12,-51.29,78.8,4.7
Port Hawkesbury,1,CA,1579839277,91,45.62,-61.35,34.0,11.41
Andenes,95,NO,1579839278,74,69.31,16.12,33.8,19.46
Borogontsy,100,RU,1579839125,96,62.67,131.17,-30.96,4.21
Forsytheganj,100,BY,1579839282,92,52.63,29.73,30.18,16.87
Winona,90,US,1579839283,92,43.97,-91.77,32.0,4.7
Narsaq,100,GL,1579839185,85,60.92,-46.05,24.8,10.29
Labuhan,0,ID,1579839287,67,-6.88,112.21,86.32,3.85
Cabo Rojo,0,PR,1579839288,77,18.09,-67.15,75.0,4.09
Shahr-e Kord,6,IR,1579839290,78,32.33,50.86,8.6,2.24
Ayan,100,RU,1579839292,71,56.45,138.17,-5.24,2.51
Winchester,100,GB,1579839293,93,51.07,-1.32,43.0,3.36
Sirte,15,LY,1579839295,84,31.21,16.59,50.38,9.71
Coxim,48,BR,1579839297,95,-18.51,-54.76,74.25,4.14
Nantucket,1,US,1579839299,93,41.28,-70.1,39.0,8.95
Balkanabat,82,TM,1579839301,90,39.51,54.37,38.84,13.89
Kodiak,40,US,1579839303,57,57.79,-152.41,17.6,12.75
Port Hedland,0,AU,1579839304,53,-20.32,118.57,96.8,9.17
Kholmskaya,66,RU,1579839306,80,44.85,38.39,30.2,8.95
Guaraniacu,62,BR,1579839308,94,-25.1,-52.88,62.49,3.96
Brigantine,1,US,1579839238,87,39.41,-74.36,36.0,1.59
Cap Malheureux,75,MU,1579839311,88,-19.98,57.61,78.8,4.7
Brandon,90,US,1579839313,93,27.94,-82.29,64.99,4.7
Agirish,64,RU,1579839124,94,61.92,63.02,1.78,5.75
Esperance,90,AU,1579839316,64,-33.87,121.9,73.4,11.41
Eureka,90,US,1579839318,71,40.8,-124.16,57.2,8.05
Odesskoye,100,RU,1579839319,97,54.21,72.97,31.86,20.51
Charters Towers,59,AU,1579839321,51,-20.1,146.27,90.81,4.47
Parsabad,90,IR,1579839323,52,39.65,47.92,42.8,4.7
Khatanga,100,RU,1579839324,88,71.97,102.5,-25.06,8.72
Kaseda,75,JP,1579839326,93,31.42,130.32,60.01,2.24
Langsa,95,ID,1579839328,62,4.47,97.97,86.99,2.57
Kayseri,75,TR,1579839329,73,38.74,35.5,23.0,9.84
Paranhos,8,BR,1579839331,97,-23.89,-55.43,65.26,2.44
Rawson,100,AR,1579839333,40,-43.3,-65.1,69.37,26.78
Yei,100,SS,1579839334,34,4.09,30.68,62.71,2.71
Bintulu,75,MY,1579839102,83,3.17,113.03,84.2,3.36
Muzaffarabad,68,PK,1579839338,42,34.37,73.47,30.81,11.16
Srandakan,0,ID,1579839339,64,-7.94,110.25,86.43,3.96
Gorin,100,RU,1579839341,87,51.2,136.67,1.65,4.56
Moree,100,AU,1579839343,62,-29.47,149.85,84.2,11.41
Florence,1,IT,1579839344,100,43.77,11.25,42.01,1.12
Wum,0,CM,1579839346,25,6.38,10.07,62.13,2.55
Balkhash,0,KZ,1579839347,92,46.84,74.98,12.2,6.71
College,90,US,1579839140,83,64.86,-147.8,-6.0,2.84
Peniche,75,PT,1579839351,100,39.36,-9.38,48.99,5.82
Ochakiv,76,UA,1579839352,74,46.61,31.55,28.4,6.71
El Alto,93,PE,1579839354,73,-4.27,-81.21,72.19,5.12
Road Town,90,VG,1579839089,88,18.42,-64.62,75.2,13.87
Plover,90,US,1579839118,100,44.46,-89.54,32.0,4.7
Port Lincoln,44,AU,1579839359,48,-34.73,135.87,73.53,13.62
Mingguang,99,CN,1579839361,71,32.78,117.96,47.59,15.03
Roald,96,NO,1579839362,85,62.58,6.13,39.99,29.97
Ust'-Omchug,87,RU,1579839364,97,61.15,149.63,-29.65,4.25
Menongue,100,AO,1579839366,95,-14.66,17.69,62.31,0.72
Gazojak,87,TM,1579839367,77,41.19,61.4,35.82,10.36
Aksu,0,CN,1579839369,79,41.12,80.26,21.25,1.63
Cantapoy,5,PH,1579839371,74,9.49,125.44,82.8,3.33
Sao Sebastiao,100,BR,1579839373,82,-23.76,-45.41,71.67,5.68
Flagstaff,1,US,1579839374,59,35.2,-111.65,48.99,8.05
Beira,100,MZ,1579839376,72,-19.84,34.84,80.74,11.48
Pale,0,BA,1579839378,100,43.82,18.57,15.8,2.24
Tura,0,IN,1579839379,51,25.52,90.22,63.36,2.37
Kudahuvadhoo,94,MV,1579839132,83,2.67,72.89,83.53,18.81
Thinadhoo,14,MV,1579839246,79,0.53,72.93,83.97,16.15
Ossora,100,RU,1579839384,84,59.24,163.07,-3.21,9.69
Kloulklubed,75,PW,1579839386,79,7.04,134.26,84.2,13.87
Don Luan,83,VN,1579839338,40,11.53,106.92,89.24,2.44
Port Moresby,40,PG,1579839389,59,-9.44,147.18,93.2,8.05
Akom,12,CM,1579839391,36,2.67,12.71,63.63,2.19
Rio Gallegos,25,AR,1579839392,61,-51.62,-69.22,46.4,12.75
Nuuk,100,GL,1579839224,85,64.18,-51.72,24.8,13.87
Beidao,100,CN,1579839396,73,34.57,105.89,32.65,3.83
Banepa,40,NP,1579839398,70,27.63,85.52,48.2,2.24
Tieling,0,CN,1579839400,74,42.29,123.84,7.66,1.79
Tsimmerbude,90,RU,1579839401,93,54.67,20.13,41.0,20.13
Bukachacha,0,RU,1579839403,76,52.98,116.92,-7.96,1.86
Bo Rai,20,TH,1579839405,70,12.57,102.54,88.0,6.93
Saalfeld,40,DE,1579839406,100,50.65,11.37,27.0,6.93
Omsukchan,95,RU,1579839409,99,62.53,155.8,-36.2,4.5
Dongsheng,0,CN,1579839410,61,39.82,109.98,22.23,3.83
Villarrica,0,PY,1579839222,80,-25.75,-56.43,69.84,4.14
Ulladulla,90,AU,1579839414,57,-35.35,150.47,84.99,14.99
Poya,39,NC,1579839415,76,-21.35,165.15,77.47,13.42
Rabo de Peixe,20,PT,1579839417,81,37.8,-25.58,53.6,9.17
Kodino,100,RU,1579839418,90,63.72,39.64,13.46,6.78
Ilo,100,PE,1579839420,92,-17.64,-71.34,72.52,2.37
Mossendjo,86,CG,1579839422,96,-2.95,12.73,70.66,0.96
Riyadh,0,SA,1579839423,60,24.69,46.72,41.0,2.24
Tooele,90,US,1579839425,100,40.53,-112.3,39.99,4.7
San Miguel de Tucuman,33,AR,1579839357,83,-26.82,-65.22,73.4,6.93
North Bend,90,US,1579839428,100,43.41,-124.22,53.01,3.36
Codrington,100,AU,1579839430,74,-38.27,141.97,63.1,22.06
Aklavik,90,CA,1579839432,76,68.22,-135.01,-5.8,8.05
Karakol,0,KG,1579839433,40,42.49,78.39,14.2,5.37
Chateaubelair,40,VC,1579839435,78,13.28,-61.25,78.8,14.99
Marabu,75,MY,1579839436,79,4.41,114.01,86.0,3.36
Kavaratti,20,IN,1579839438,78,10.57,72.64,82.4,4.7
Povenets,100,RU,1579839440,95,62.85,34.83,24.98,10.25
Tawang,0,IN,1579839441,55,27.58,91.87,27.97,2.59
Morecambe,70,GB,1579839443,100,54.07,-2.86,44.01,4.0
Santa Isabel do Rio Negro,0,BR,1579839294,74,-0.41,-65.02,79.2,2.19
Trapani,20,IT,1579839440,81,37.83,12.67,50.0,8.05
Tezu,99,IN,1579839184,59,27.92,96.17,57.56,1.77
Nioro,85,GM,1579839449,21,13.35,-15.75,78.75,7.38
Bouloupari,37,NC,1579839451,58,-21.87,166.05,84.2,18.34
Seymchan,100,RU,1579839453,94,62.88,152.43,-22.65,0.72
Soni,100,TZ,1579839454,85,-4.85,38.37,69.69,3.31
Kirakira,11,SB,1579839456,78,-10.45,161.92,81.63,4.05
Tarboro,1,US,1579839458,100,35.9,-77.54,46.4,6.49
Yining,100,CN,1579839459,97,29.04,114.56,45.73,3.38
Darhan,0,MN,1579839461,85,49.49,105.92,-0.89,4.41
Pochutla,40,MX,1579839462,83,15.74,-96.47,78.8,6.71
Weligama,0,LK,1579839464,70,5.97,80.42,80.98,11.03
San Jose,75,US,1579839415,76,37.34,-121.89,55.99,4.7
Teculutan,0,GT,1579839467,94,14.98,-89.72,63.39,3.78
Sola,40,VU,1579839469,62,-13.88,167.55,89.6,2.24
Biak,0,ID,1579839471,78,-0.91,122.88,81.72,8.57
Teya,100,RU,1579839472,95,60.38,92.63,11.73,5.1
Pervomayskoye,74,RU,1579839474,69,43.92,46.71,30.43,13.04
Acarau,100,BR,1579839475,93,-2.89,-40.12,76.39,2.68
Varzea Grande,75,BR,1579839477,78,-15.65,-56.13,80.6,6.93
High Rock,76,BS,1579839479,75,26.62,-78.28,71.46,16.08
Babu,88,CN,1579839480,73,24.42,111.52,58.51,6.71
Port Antonio,20,JM,1579839482,73,18.18,-76.46,73.4,10.29
Laguna,20,US,1579839484,81,38.42,-121.42,54.0,2.73
Bilibino,2,RU,1579839485,100,68.05,166.44,-37.28,1.99
Ereymentau,100,KZ,1579839210,90,51.62,73.1,26.78,23.64
Mumford,73,GH,1579839488,94,5.26,-0.76,76.96,3.36
Vardo,90,NO,1579839490,85,70.37,31.11,19.4,8.05
Virginia Beach,75,US,1579839492,93,36.85,-75.98,46.0,5.82
Havelock,75,US,1579839493,81,34.88,-76.9,51.8,4.7
Bulungu,32,CD,1579839495,71,-4.55,18.6,71.6,1.14
Esim,2,GH,1579839497,93,4.87,-2.24,77.79,2.55
Asau,0,RO,1579839498,85,46.43,26.4,21.2,4.7
Namtsy,100,RU,1579839500,66,62.72,129.67,-29.2,4.34
Luderitz,0,NA,1579839502,88,-26.65,15.16,64.4,2.24
Panaba,67,MX,1579839503,78,21.28,-88.27,67.82,7.29
Weihe,100,CN,1579839505,67,33.0,105.32,36.09,6.02
Takoradze,2,GH,1579839443,93,4.88,-1.76,77.79,2.55
Miyako,22,JP,1579839245,47,39.64,141.95,45.39,4.65
Pontinha,75,PT,1579839510,100,38.77,-9.2,48.99,4.7
Dalvik,90,IS,1579839511,50,65.97,-18.53,30.2,35.57
Saint-Andre-les-Vergers,0,FR,1579839513,92,48.29,4.05,28.0,2.24
Strezhevoy,75,RU,1579839515,86,60.73,77.59,26.6,15.66
Tautira,40,PF,1579839516,70,-17.73,-149.15,84.2,9.17
Kahului,40,US,1579839518,61,20.89,-156.47,77.0,5.82
Kanash,75,RU,1579839520,67,55.51,47.5,19.4,13.42
Killam,35,CA,1579839521,85,52.78,-111.85,19.99,7.0
Fort-Shevchenko,91,KZ,1579839523,95,44.51,50.26,31.71,22.88
Tangwani,54,PK,1579839525,87,28.28,69.0,48.2,5.32
Hamilton,90,US,1579839288,93,39.18,-84.53,39.99,4.7
Arrifes,20,PT,1579839528,81,37.77,-25.7,53.6,9.17
Vestmannaeyjar,100,IS,1579839529,79,63.44,-20.27,35.06,31.74
Launceston,75,AU,1579839531,37,-41.45,147.17,70.0,24.16
Turbat,0,PK,1579839533,72,26.0,63.04,59.99,1.9
Barra Patuca,1,HN,1579839534,69,15.8,-84.28,76.33,11.54
Boke,30,GN,1579839536,31,10.94,-14.3,76.64,3.29
Kanigiri,0,IN,1579839538,71,15.4,79.52,72.46,1.21
Mackenzie,90,CA,1579839278,93,55.3,-123.17,35.6,5.82
Balsas,100,BR,1579839541,93,-7.53,-46.04,74.16,3.44
Sault Ste. Marie,90,CA,1579839411,96,46.52,-84.33,32.0,8.05
Mount Gambier,90,AU,1579839539,52,-37.83,140.77,69.8,20.8
Kroya,81,ID,1579839546,59,-7.63,109.25,90.59,1.7
Yangi Marg`ilon,90,UZ,1579839547,92,40.43,71.72,26.6,2.24
Talusan,3,PH,1579839549,68,7.43,122.81,83.77,3.29
Gaspe,75,CA,1579839297,85,48.83,-64.48,32.0,8.05
Tanout,0,NE,1579839552,16,14.97,8.89,60.73,14.58
Nuevo Progreso,100,MX,1579839554,92,23.17,-97.95,68.0,3.71
Westport,1,US,1579839556,59,41.14,-73.36,37.99,5.57
Knysna,20,ZA,1579839557,86,-34.04,23.05,59.0,3.36
Harper,67,LR,1579839559,93,4.38,-7.72,77.0,2.13
Kungurtug,63,RU,1579839560,77,50.6,97.52,3.9,3.31
Along,81,IN,1579839265,72,28.17,94.77,53.4,1.57
Gorontalo,0,ID,1579839564,55,0.54,123.06,89.24,2.8
Wajid,100,SO,1579839565,72,3.81,43.25,75.31,23.82
Batagay,49,RU,1579839567,89,67.63,134.63,-37.91,1.1
Yabrud,40,SY,1579839569,75,33.97,36.66,42.8,13.87
Anadyr,75,RU,1579839570,76,64.75,177.48,-5.01,13.42
Bougouni,100,ML,1579839572,15,11.42,-7.48,75.16,5.86
Banda Aceh,88,ID,1579839574,64,5.56,95.32,84.11,7.09
Matagami,90,CA,1579839375,85,49.75,-77.63,10.4,2.24
Aksarka,100,RU,1579839577,95,66.56,67.8,11.16,5.95
Verkh-Usugli,65,RU,1579839579,72,52.7,115.17,-6.07,1.32
Adrar,100,MR,1579839557,21,20.5,-10.07,67.71,9.51
Hobyo,100,SO,1579839582,83,5.35,48.53,77.7,11.81
Ulukulevo,90,RU,1579839584,92,54.44,56.32,21.2,8.95
General Roca,0,AR,1579839585,29,-39.03,-67.58,77.0,4.7
Muros,100,ES,1579839587,81,42.78,-9.06,51.01,5.82
Ape,100,LV,1579839589,89,57.54,26.69,39.38,9.98
Conde,40,BR,1579839590,83,-7.26,-34.91,80.6,4.7
Salalah,75,OM,1579839553,73,17.02,54.09,77.0,1.12
Miraflores,90,MX,1579839593,50,19.22,-98.81,57.2,6.93
Pyatnitskoye,0,RU,1579839595,89,50.42,37.83,18.45,7.43
Marsh Harbour,0,BS,1579839597,75,26.54,-77.06,71.02,17.02
Tubuala,40,PA,1579839598,83,9.52,-79.03,77.0,2.24
Dukat,100,RU,1579839600,98,62.55,155.55,-34.62,3.24
Manuk Mangkaw,1,PH,1579839602,76,4.8,119.85,82.09,3.98
Severo-Kuril'sk,83,RU,1579839557,78,50.68,156.12,18.54,11.7
Mossamedes,100,AO,1579839605,77,-15.2,12.15,73.78,10.36
Rorvik,100,NO,1579839607,79,64.86,11.24,37.0,3.0
Tungor,100,RU,1579839609,94,53.38,142.96,-0.27,7.99
Apac,100,UG,1579839610,30,1.98,32.54,69.01,5.14
Seminole,75,US,1579839612,87,28.71,-81.21,63.0,5.82
Zabaykalsk,47,RU,1579839614,76,49.63,117.32,-2.07,3.74
Faya,75,SA,1579839615,93,18.39,42.45,50.0,9.17
Chenzhou,100,CN,1579839617,90,25.8,113.03,46.45,3.42
Arrondissement de Pau,99,FR,1579839619,93,43.42,-0.58,42.01,3.36
Waitati,88,NZ,1579839620,71,-45.75,170.57,69.01,20.92
Scottsbluff,1,US,1579839555,68,41.87,-103.67,26.6,4.7
Bay Roberts,90,CA,1579839623,86,47.6,-53.26,30.99,18.34
Rocha,0,UY,1579839625,95,-34.48,-54.33,63.48,9.53
Itaporanga,100,BR,1579839627,88,-7.3,-38.15,71.65,4.23
Muroran,20,JP,1579839628,70,42.32,140.99,32.0,23.04
Port Keats,55,AU,1579839630,68,-14.25,129.55,88.7,9.4
Stephenville,1,US,1579839631,70,32.22,-98.2,46.99,7.7
Loukhi,100,RU,1579839633,95,66.08,33.04,16.93,6.15
Karratha,0,AU,1579839635,77,-20.74,116.85,83.19,10.76
Camana,100,PE,1579839636,94,-16.62,-72.71,65.19,2.24
Jiutai,0,CN,1579839638,36,44.15,125.83,12.2,4.05
Barabai,0,ID,1579839640,52,-2.58,115.38,90.43,3.4
Manado,20,ID,1579839641,56,1.49,124.85,93.2,6.93
Eyl,100,SO,1579839643,81,7.98,49.82,78.42,19.89
Swan River,0,CA,1579839644,88,52.11,-101.27,12.7,4.68
Killybegs,93,IE,1579839646,95,54.63,-8.45,44.01,4.0
Altamont,90,US,1579839648,86,42.21,-121.74,39.2,8.05
Tolmachevo,90,RU,1579839649,91,54.98,82.74,32.0,22.37
Nara,75,JP,1579839651,67,34.69,135.8,57.99,6.93
Viedma,0,AR,1579839653,81,-40.81,-63.0,68.63,6.55
Megion,75,RU,1579839654,79,61.03,76.11,26.6,17.9
Sorkjosen,55,NO,1579839656,67,69.8,20.93,36.36,17.56
Singaraja,0,ID,1579839657,66,-8.11,115.09,84.76,5.01
Barguzin,88,RU,1579839659,95,53.62,109.62,-11.51,7.23
Anloga,20,GH,1579839661,94,5.79,0.9,78.8,3.36
Santo Antonio do Ica,94,BR,1579839662,89,-3.1,-67.94,77.14,1.68
Hanna,93,CA,1579839664,91,51.63,-111.9,19.99,4.0
Burriana,90,ES,1579839666,100,39.89,-0.09,50.0,2.24
Champerico,9,GT,1579839368,82,14.3,-91.92,74.01,5.1
San Andres,40,CO,1579839669,69,12.58,-81.7,78.8,6.93
Mogocha,35,RU,1579839670,85,53.73,119.77,-13.07,2.8
